<xml>

<!-- Android TOOLS -------------------------------------->

<include name="gcc-toolchain.xml"/>

<set name="TOOLCHAIN_VERSION" value="4.4.3" unless="TOOLCHAIN_VERSION" />

<!-- Set NDKV6/7/8, if not already set -->
<set name="NDKV8" value="1" />
<unset name="NDKV8" if="NDKV7" />
<unset name="NDKV8" if="NDKV6" />

<set name="NDKV7" value="1" unless="NDKV8" />
<unset name="NDKV7" if="NDKV6" />

<set name="NDKV7+" value="1" if="NDKV7" />
<set name="NDKV7+" value="1" if="NDKV8" />
<set name="NDKV8+" value="1" if="NDKV8" />

<!-- Set SDK version, if not already set -->
<set name="PLATFORM" value="android-3" if="android-3"/>
<set name="PLATFORM" value="android-4" if="android-4"/>
<set name="PLATFORM" value="android-5" if="android-5"/>
<set name="PLATFORM" value="android-8" if="android-8"/>
<set name="PLATFORM" value="android-9" if="android-9"/>
<set name="PLATFORM " value="android-14" if="android-14"/>
<set name="PLATFORM" value="android-5" unless="PLATFORM"/>

<path name="${ANDROID_NDK_ROOT}/toolchains/arm-linux-androideabi-${TOOLCHAIN_VERSION}/prebuilt/${ANDROID_HOST}/bin"/>

<!-- Set architecture -->
<set name="ARCH" value ="-7" if="HXCPP_ARMV7" />

<compiler id="android-gcc" exe="arm-linux-androideabi-g++">

 <!-- These must appear in this order! -->

 <flag value="--sysroot=${ANDROID_NDK_ROOT}/platforms/${PLATFORM}/arch-arm"/>
 <flag value="-I${ANDROID_NDK_ROOT}/sources/cxx-stl/gnu-libstdc++/${TOOLCHAIN_VERSION}/include" if="NDKV8+"/>
 <flag value="-I${ANDROID_NDK_ROOT}/sources/cxx-stl/gnu-libstdc++/libs/armeabi/include" unless="NDKV8+"/>
 <flag value="-I${ANDROID_NDK_ROOT}/sources/cxx-stl/gnu-libstdc++/${TOOLCHAIN_VERSION}/libs/armeabi/include" if="NDKV8+"/>
 <flag value="-I${ANDROID_NDK_ROOT}/sources/cxx-stl/gnu-libstdc++/include" unless="NDKV8+"/>
 
 <include name="common-defines.xml" />
 <flag value="-I${HXCPP}/include"/>
 <flag value="-Iinclude"/>
 <flag value="-fpic"/>
 <flag value="-fvisibility=hidden"/>
 <flag value="-ffunction-sections"/>
 <flag value="-funwind-tables"/>
 <flag value="-fstack-protector"/>
 <flag value="-fno-short-enums"/>
 <cppflag value="-frtti"/>
 <flag value="-D__ARM_ARCH_5__"/>
 <flag value="-D__ARM_ARCH_5T__"/>
 <flag value="-D__ARM_ARCH_5E__"/>
 <flag value="-D__ARM_ARCH_5TE__"/>
 <flag value="-D_LINUX_STDDEF_H "/> <!-- Avoid compiler including 2 version of file -->
 <flag value="-Wno-psabi"/>

 <flag value="-march=armv5te" unless="HXCPP_ARMV7" />
 <flag value="-mtune=xscale" unless="HXCPP_ARMV7" />
 <flag value="-msoft-float" unless="HXCPP_ARMV7" />

 <flag value="-march=armv7-a" if="HXCPP_ARMV7" />
 <flag value="-mfpu=vfpv3-d16" if="HXCPP_ARMV7" />
 <flag value="-mfloat-abi=softfp" if="HXCPP_ARMV7" />

 <flag value="-fomit-frame-pointer"/>
 <flag value="-fexceptions"/>
 <flag value="-fno-strict-aliasing"/>
 <flag value="-finline-limit=10000"/>
 <flag value="-DANDROID"/>
 <!-- todo <flag value="-Werror"/> -->
 <flag value="-Wa,--noexecstack"/>
 <flag value="-O2" unless="debug"/>
 <flag value="-O0" if="debug"/>
 <flag value="-DNDEBUG"/>
 <flag value="-DHXCPP_LOAD_DEBUG" if="HXCPP_LOAD_DEBUG"/>
 <flag value="-c"/>
 <outflag value="-o"/>
 <ext value=".obj"/>
 <objdir value="obj/android${OBJEXT}${ARCH}" />
</compiler>

<!-- -Wl,-soname,libgl2jni.so
-->
<linker id="dll" exe="arm-linux-androideabi-g++" >

  <ext value="${ARCH}.so"/>
  <outflag value="-o"/>
  <prefix value="lib"/>

  <flag value="-frtti"/>
  <flag value="-nostdlib"/>
  <flag value="-Wl,-shared,-Bsymbolic"/>
  <flag value="-Wl,--no-undefined" unless="dll_import" />
  <flag value="-Wl,--unresolved-symbols=ignore-in-object-files" if="dll_import" />
  <flag value="-Wl,-z,noexecstack"/>
  <flag value="--sysroot=${ANDROID_NDK_ROOT}/platforms/${PLATFORM}/arch-arm"/>
  <flag value="-L${ANDROID_NDK_ROOT}/platforms/${PLATFORM}/arch-arm/usr/lib"/>

  <lib name="${ANDROID_NDK_ROOT}/sources/cxx-stl/gnu-libstdc++/libs/armeabi/libstdc++.a" if="NDKV6" unless="dll_import" />
  <lib name="${ANDROID_NDK_ROOT}/sources/cxx-stl/gnu-libstdc++/libs/armeabi/libgnustl_static.a" if="NDKV7" unless="dll_import" />
  <lib name="${ANDROID_NDK_ROOT}/sources/cxx-stl/gnu-libstdc++/${TOOLCHAIN_VERSION}/libs/armeabi/libgnustl_static.a" if="NDKV8+" unless="dll_import" />

  <lib name="${ANDROID_NDK_ROOT}/platforms/${PLATFORM}/arch-arm/usr/lib/crtbegin_so.o"/>
  <lib name="${ANDROID_NDK_ROOT}/toolchains/arm-linux-androideabi-${TOOLCHAIN_VERSION}/prebuilt/${ANDROID_HOST}/lib/gcc/arm-linux-androideabi/${TOOLCHAIN_VERSION}/libgcc.a"/>
  <lib name="${ANDROID_NDK_ROOT}/platforms/${PLATFORM}/arch-arm/usr/lib/libc.so"/>
  <lib name="${ANDROID_NDK_ROOT}/platforms/${PLATFORM}/arch-arm/usr/lib/libm.so"/>
  <lib name="-llog"/>
  <lib name="-ldl"/>

  <!-- <flag value="-lGLESv2"/> -->
</linker>

</xml>
