<xml>
 <flag value="-DHXCPP_DEBUG" if="debug"/>
 <flag value="-DSTATIC_LINK" if="static_link"/>
 <flag value="-DHXCPP_M64" if="HXCPP_M64"/>
 <flag value="-DHXCPP_VISIT_ALLOCS" />
 <flag value="-Dhaxe_210" if="haxe_210"/>
 <flag value="-DHXCPP_MULTI_THREADED" if="HXCPP_MULTI_THREADED"/>
 <flag value="-DHXCPP_FLOAT32" if="HXCPP_FLOAT32"/>
 <flag value="-DHXCPP_CHECK_POINTER" if="HXCPP_CHECK_POINTER"/>
 <flag value="-DHXCPP_STACK_TRACE" if="HXCPP_STACK_TRACE"/>
 <flag value="-DHXCPP_STACK_LINE" if="HXCPP_STACK_LINE"/>
 <flag value="-DHXCPP_STACK_VARS" if="HXCPP_STACK_VARS"/>
 <flag value="-DHXCPP_DEBUGGER" if="HXCPP_DEBUGGER"/>
 <flag value="-DHXCPP_GC_MOVING" if="HXCPP_GC_MOVING"/>
 <flag value="-DHXCPP_DLL_IMPORT" if="dll_import"/>
 <flag value="-I${dll_import_include}" if="dll_import_include"/>
 <flag value="-DHXCPP_DLL_EXPORT" if="dll_export"/>
</xml>
