<xml>


<echo value="Using iOS SDK ${IPHONE_VER}" if="VERBOSE"/>

<set name="ARCH" value ="-v7" if="HXCPP_ARMV7" />
<include name="gcc-toolchain.xml"/>
<path name="${DEVELOPER_DIR}/Platforms/iPhoneOS.platform/Developer/usr/bin" />

<compiler id="iPhoneOS" exe="g++" if="iphoneos">
  <exe name="xcrun --sdk iphoneos${IPHONE_VER} g++" />
  <exe name="xcrun --sdk iphoneos${IPHONE_VER} clang" if="HXCPP_CLANG" />
  <flag value="-c"/>
  <cppflag value="-fvisibility-inlines-hidden"/>
  <pchflag value="-x" />
  <pchflag value="c++-header" />
  <flag value="-g" if="debug"/>
  <flag value="-O2" unless="debug"/>
  <flag value="-arch"/>
  <flag value="armv6" unless="HXCPP_ARMV7" />
  <flag value="armv7" if="HXCPP_ARMV7" />
  <flag value="-isysroot"/>
  <flag value="${DEVELOPER_DIR}/Platforms/iPhoneOS.platform/Developer/SDKs/iPhoneOS${IPHONE_VER}.sdk"/>
  <flag value="-miphoneos-version-min=3.0" unless="HXCPP_ARMV7" />
  <flag value="-miphoneos-version-min=5.0" if="HXCPP_ARMV7" />
  <flag value="-fobjc-arc" if="OBJC_ARC" />
  <flag value="-DOBJC_ARC" if="OBJC_ARC" />
  <flag value="-Wno-parentheses" if="HXCPP_CLANG" />
  <flag value="-Wno-null-dereference" if="HXCPP_CLANG" />
  <flag value="-fvisibility=hidden"/>
  <flag value="-fno-stack-protector"/>
  <flag value="-DIPHONE"/>
  <flag value="-DIPHONEOS"/>
  <flag value="-DHXCPP_CLANG" if="HXCPP_CLANG" />
  <include name="common-defines.xml" />
  <flag value="-DHX_LITTLE_ENDIAN=0" if="HXCPP_BIG_ENDIAN"/>
  <flag value="-I${HXCPP}/include"/>
  <cppflag value="-frtti"/>
  <outflag value="-o"/>
  <ext value=".o"/>
  <objdir value="obj/iphoneos${ARCH}/" unless="debug"/>
  <objdir value="obj/iphoneos-dbg${ARCH}/" if="debug"/>
</compiler>

<linker id="dll" exe="g++" >
  <exe name="xcrun --sdk iphoneos${IPHONE_VER} g++" />
  <exe name="xcrun --sdk iphoneos${IPHONE_VER} clang" if="HXCPP_CLANG" />
  <flag value="-dynamiclib"/>
  <flag value="-arch"/>
  <flag value="armv6" unless="HXCPP_ARMV7" />
  <flag value="armv7" if="HXCPP_ARMV7" />
  <flag value="-isysroot"/>
  <flag value="${DEVELOPER_DIR}/Platforms/iPhoneOS.platform/Developer/SDKs/iPhoneOS${IPHONE_VER}.sdk"/>
  <flag value="-Wl,-undefined,dynamic_lookup"/>
  <flag value="-fpic"/>
  <flag value="-fPIC"/>
  <flag value="-fvisibility=hidden"/>
  <ext value=".ios.dylib"/>
  <outflag value="-o "/>
</linker>


</xml>
