<xml>

<set name="NO_PRECOMPILED_HEADERS" value="1" if="GCC_OLD" />
<set name="USE_PRECOMPILED_HEADERS" value="gcc" unless="NO_PRECOMPILED_HEADERS"/>

<set name="USE_GCC_FILETYPES" value="1"/>

<linker id="static_link" exe="ar" unless="windows">
  <ext value=".a"/>
  <fromfile value="" if="macos" />
  <fromfile value="" if="GCC_OLD" />
  <fromfile value="" if="iphone" />
  <outflag value="-cr "/>
  <recreate value="1" if="iphone" />
  <ranlib name="ranlib"/>
</linker>

<set name="nostrip" value="1" if="debug"/>

<stripper id="strip" exe="strip" unless="nostrip">
  <exe name="strip"/>
  <exe name ="arm-none-linux-gnueabi-strip" if="webos" />
  <exe name ="arm-linux-androideabi-strip" if="android" />
  <exe name ="ntox86-strip" if="blackberry" />
  <exe name ="ntoarmv7-strip" if="blackberry" unless="simulator" />
  <flag value="-u" if="macos"/>
  <flag value="-r" if="macos"/>
  <flag value="-x" if="macos"/>
  <flag value="-d" if="linux"/>
</stripper>



</xml>
