<xml>

<echo value="Using iOS SDK ${IPHONE_VER}" if="VERBOSE"/>

<include name="gcc-toolchain.xml"/>
<path name="${DEVELOPER_DIR}/Platforms/iPhoneSimulator.platform/Developer/usr/bin" />

<compiler id="iPhoneSim" exe="g++" if="iphonesim">
  <exe name="xcrun --sdk iphonesimulator${IPHONE_VER} g++" />
  <exe name="xcrun --sdk iphonesimulator${IPHONE_VER} clang" if="HXCPP_CLANG" />
  <flag value="-c"/>
  <cppflag value="-fvisibility-inlines-hidden"/>
  <pchflag value="-x" />
  <pchflag value="c++-header" />
  <flag value="-g" if="debug"/>
  <flag value="-O2" unless="debug"/>
  <flag value="-fmessage-length=0"/>
  <flag value="-pipe"/>
  <flag value="-Wno-trigraphs"/>
  <flag value="-fno-stack-protector"/>
  <flag value="-fpascal-strings"/>
  <flag value="-fasm-blocks"/>
  <flag value="-Wreturn-type"/>
  <!-- Simulator has been upgraded to ABI version 2.  Old code may not like the following 2 lines  -->
  <mmflag value="-fobjc-abi-version=2"/>
  <mmflag value="-fobjc-legacy-dispatch"/>
  <flag value="-Wno-unused-variable"/>
  <flag value="-arch"/>
  <flag value="i386"/>
  <flag value="-isysroot"/>
  <flag value="${DEVELOPER_DIR}/Platforms/iPhoneSimulator.platform/Developer/SDKs/iPhoneSimulator${IPHONE_VER}.sdk"/>
  <flag value="-fvisibility=hidden"/>
  <flag value="-miphoneos-version-min=${IPHONE_VER}"/>
  <flag value="-DIPHONE"/>
  <flag value="-DIPHONESIM"/>
  <flag value="-DHXCPP_CLANG" if="HXCPP_CLANG"/>
  <flag value="-fobjc-arc" if="OBJC_ARC" />
  <flag value="-DOBJC_ARC" if="OBJC_ARC" />
  <flag value="-Wno-parentheses" if="HXCPP_CLANG" />
  <flag value="-Wno-null-dereference" if="HXCPP_CLANG" />
  <include name="common-defines.xml" />
  <flag value="-DHX_LITTLE_ENDIAN=0" if="HXCPP_BIG_ENDIAN"/>
  <flag value="-I${HXCPP}/include"/>
  <cppflag value="-frtti"/>
  <outflag value="-o"/>
  <ext value=".o"/>
  <objdir value="obj/iphonesim/" unless="debug"/>
  <objdir value="obj/iphonesim-dbg/" if="debug"/>
</compiler>


</xml>
