<xml>

<!-- LINUX TOOLS -------------------------------------->

<include name="gcc-toolchain.xml"/>
<set name="noM32" value="1" if="HXCPP_M64" />
<set name="noM32" value="1" if="rpi" />

<compiler id="linux" exe="g++" if="linux">
  <exe name="${CXX}" if="CXX" />
  <flag value="-c"/>
  <flag value="-fvisibility=hidden"/>
  <cppflag value="-frtti"/>
  <flag value="-g" if="debug"/>
  <flag value="-O2" unless="debug"/>
  <flag value="-fpic"/>
  <flag value="-fPIC"/>
  <flag value="-DHX_LINUX"/>
  <flag value="-DRASPBERRYPI" if="rpi"/>
  <flag value="-DHXCPP_MULTI_THREADED" if="HXCPP_MULTI_THREADED"/>
  <flag value="-DHX_LITTLE_ENDIAN=0" if="HXCPP_BIG_ENDIAN"/>
  <include name="common-defines.xml" />
  <flag value="-m32" unless="noM32"/>
  <flag value="-m64" if="HXCPP_M64"/>
  <flag value="-DHXCPP_M64" if="HXCPP_M64"/>
  <flag value="-I${HXCPP}/include"/>
  <objdir value="obj/linux${OBJEXT}/"/>
  <outflag value="-o"/>
  <ext value=".o"/>
</compiler>

<linker id="dll" exe="g++" if="linux">
  <exe name="${CXX}" if="CXX" />
  <fromfile value="" if="GCC_OLD" />
  <flag value="-shared"/>
  <flag value="-fpic"/>
  <flag value="-fPIC"/>
  <flag value="-m32" unless="HXCPP_M64"/>
  <flag value="-m64" if="HXCPP_M64"/>
  <!-- <flag value="-Wl,--unresolved-symbols=report-all"/> -->
  <flag value="-Xlinker"/>
  <flag value="--no-undefined" unless="HXCPP_ALLOW_UNDEFINED" />
  <flag value="-debug" if="debug"/>
  <lib name="-ldl"/>
  <ext value=".dso"/>
  <outflag value="-o "/>
</linker>

<linker id="exe" exe="g++" if="linux">
  <exe name="${CXX}" if="CXX" />
  <fromfile value="" if="GCC_OLD" />
  <flag value="-debug" if="debug"/>
  <flag value="-rdynamic"/>
  <flag value="-m32" unless="HXCPP_M64"/>
  <flag value="-m64" if="HXCPP_M64"/>
  <lib name="-ldl"/>
  <ext value=""/>
  <outflag value="-o "/>
</linker>

</xml>
