<xml>

<!-- MINGW TOOLS -------------------------------------->

<set name="MINGW_ROOT" value="c:/MinGW" unless="MINGW_ROOT" />


<path name="${MINGW_ROOT}/bin"/>

<include name="gcc-toolchain.xml"/>

<unset name="USE_PRECOMPILED_HEADERS"/>

<compiler id="mingw" exe="gcc">
  <exe name="${MINGW_ROOT}/bin/g++.exe"/>
  <flag value="-c"/>
  <cppflag value="-frtti"/>
  <flag value="-g" if="debug"/>
  <flag value="-O2"/>
  <include name="common-defines.xml" />
  <flag value="-DHX_WINDOWS"/>
  <flag value="-DHX_LITTLE_ENDIAN=0" if="HXCPP_BIG_ENDIAN"/>
  <flag value="-m32" unless="HXCPP_M64"/>
  <flag value="-DHXCPP_M64" if="HXCPP_M64"/>
  <flag value="-I${HXCPP}/include"/>
  <objdir value="obj/mingw${OBJEXT}/"/>
  <outflag value="-o"/>
  <ext value=".o"/>
</compiler>

<linker id="dll" exe="g++">
  <exe name="${MINGW_ROOT}/bin/g++.exe"/>
  <flag value="-shared"/>
  <flag value="--enable-auto-import"/>
  <flag value="-m32" unless="HXCPP_M64"/>
  <flag value="-W,l--unresolved-symbols=report-all"/>
  <flag value="-debug" if="debug"/>
  <ext value=".dll"/>
  <outflag value="-o "/>
</linker>

<linker id="exe" exe="g++">
  <exe name="${MINGW_ROOT}/bin/g++.exe"/>
  <flag value="-debug" if="debug"/>
  <flag value="-Wl,--enable-auto-import"/>
  <flag value="-m32" unless="HXCPP_M64"/>
  <ext value=".exe"/>
  <outflag value="-o "/>
</linker>



</xml>
